<?xml version="1.0" encoding="UTF-8"?>
<project-private xmlns="http://www.netbeans.org/ns/project-private/1">
    <editor-bookmarks xmlns="http://www.netbeans.org/ns/editor-bookmarks/2" lastBookmarkId="0"/>
    <open-files xmlns="http://www.netbeans.org/ns/projectui-open-files/2">
        <group>
            <file>file:/C:/Users/HP/Documents/HRHelpDesk/src/DBLoader.java</file>
            <file>file:/C:/Users/HP/Documents/HRHelpDesk/src/UserHome.java</file>
            <file>file:/C:/Users/HP/Documents/HRHelpDesk/src/UserLogin.java</file>
            <file>file:/C:/Users/HP/Documents/HRHelpDesk/src/DeleteUser.java</file>
            <file>file:/C:/Users/HP/Documents/HRHelpDesk/src/HRHeadHome.java</file>
            <file>file:/C:/Users/HP/Documents/HRHelpDesk/src/ChangePassword.java</file>
            <file>file:/C:/Users/HP/Documents/HRHelpDesk/src/HRViewProfile.java</file>
            <file>file:/C:/Users/HP/Documents/HRHelpDesk/src/CheckOnHrWR.java</file>
            <file>file:/C:/Users/HP/Documents/HRHelpDesk/src/ResponsePanel.java</file>
            <file>file:/C:/Users/HP/Documents/HRHelpDesk/src/ComplaintPanel.java</file>
            <file>file:/C:/Users/HP/Documents/HRHelpDesk/src/CheckOnHrVD.java</file>
            <file>file:/C:/Users/HP/Documents/HRHelpDesk/src/HRHeadViewComplaints.java</file>
            <file>file:/C:/Users/HP/Documents/HRHelpDesk/src/HRLogin.java</file>
            <file>file:/C:/Users/HP/Documents/HRHelpDesk/src/ViewComplaints.java</file>
            <file>file:/C:/Users/HP/Documents/HRHelpDesk/src/ViewDetails.java</file>
            <file>file:/C:/Users/HP/Documents/HRHelpDesk/src/WriteResponse.java</file>
            <file>file:/C:/Users/HP/Documents/HRHelpDesk/src/Developers.java</file>
            <file>file:/C:/Users/HP/Documents/HRHelpDesk/src/ViewDetailsResponse.java</file>
            <file>file:/C:/Users/HP/Documents/HRHelpDesk/src/WriteComplaint.java</file>
            <file>file:/C:/Users/HP/Documents/HRHelpDesk/src/HelpDeskHome.java</file>
            <file>file:/C:/Users/HP/Documents/HRHelpDesk/src/MainPage.java</file>
            <file>file:/C:/Users/HP/Documents/HRHelpDesk/src/HRHeadLogin.java</file>
            <file>file:/C:/Users/HP/Documents/HRHelpDesk/src/HRHome.java</file>
            <file>file:/C:/Users/HP/Documents/HRHelpDesk/src/AgendaHR.java</file>
            <file>file:/C:/Users/HP/Documents/HRHelpDesk/src/UserViewProfile.java</file>
            <file>file:/C:/Users/HP/Documents/HRHelpDesk/src/HRChangePassword.java</file>
            <file>file:/C:/Users/HP/Documents/HRHelpDesk/src/UserTrackResponse.java</file>
            <file>file:/C:/Users/HP/Documents/HRHelpDesk/src/AddUsers.java</file>
            <file>file:/C:/Users/HP/Documents/HRHelpDesk/src/CheckOnHr.java</file>
            <file>file:/C:/Users/HP/Documents/HRHelpDesk/src/HRHeadViewDetails.java</file>
        </group>
    </open-files>
</project-private>
